year,production
2011,
2013,5.015128944582314
2014,-1.6496480931108448
2015,-6.782520894879951
2016,8.034956175811292
2017,10.739585297212862
2018,0.5912154444130513
2019,1.932535984667294
